Area,Year,Quarter,Overall_hpi,Overall_YoY,Low_hpi,Low_YoY,Mid_hpi,Mid_YoY,High_hpi,High_YoY
Austin-Round Rock,1999,1,100,,100,,100,,100,
Austin-Round Rock,1999,2,105.0474335,,109.5579757,,103.0488183,,102.7057299,
Austin-Round Rock,1999,3,105.9864087,,106.4742853,,106.2226617,,105.2220097,
Austin-Round Rock,1999,4,108.3432791,,114.4442908,,104.0319585,,106.144577,
Austin-Round Rock,2000,1,113.7741193,0.137741192,113.4018941,0.13401894,111.3833117,0.113833116,114.8786741,0.14878674
Austin-Round Rock,2000,2,118.0129941,0.123425772,121.1958194,0.106225435,114.6519237,0.112598141,117.4189831,0.1432564
Austin-Round Rock,2000,3,123.9161511,0.169170204,125.1222205,0.17514027,120.5507714,0.134887503,124.6691246,0.184819838
Austin-Round Rock,2000,4,124.4332052,0.14850876,126.779402,0.10778267,122.3289334,0.175878404,123.6402801,0.164828986
Houston-The Woodlands-Sugar Land,2000,1,100,,100,,100,,100,
Houston-The Woodlands-Sugar Land,2000,2,102.1453831,,103.7068456,,101.8366688,,100.9541506,
Houston-The Woodlands-Sugar Land,2000,3,104.4442852,,106.1197658,,103.3319247,,103.7255278,
Houston-The Woodlands-Sugar Land,2000,4,103.8453682,,105.4086819,,103.3767349,,102.3966136,
Austin-Round Rock,2001,1,129.0865712,0.134586424,131.716719,0.161503695,126.644849,0.137018168,127.8956947,0.113311027
Austin-Round Rock,2001,2,130.5505031,0.106238377,138.7653672,0.144968266,124.8029535,0.088537806,127.6658312,0.087267388
Austin-Round Rock,2001,3,128.6741381,0.038396827,136.4531778,0.090559113,124.8336752,0.035527801,125.0034283,0.002681527
Austin-Round Rock,2001,4,124.9837286,0.004424248,133.2779053,0.051258352,124.021761,0.013838325,119.3479323,-0.034716418
Houston-The Woodlands-Sugar Land,2001,1,105.941988,0.05941988,107.9834526,0.079834526,105.6338649,0.056338648,103.9749378,0.039749377
Houston-The Woodlands-Sugar Land,2001,2,106.9123344,0.046668299,111.5488261,0.075616806,105.2075453,0.033100812,104.5607157,0.035724783
Houston-The Woodlands-Sugar Land,2001,3,108.0573697,0.034593414,112.1940998,0.057240364,106.5103353,0.030759231,105.8424517,0.020408898
Houston-The Woodlands-Sugar Land,2001,4,107.8437144,0.038502883,113.594151,0.077654601,106.4591724,0.029817517,104.2463044,0.018063984
Austin-Round Rock,2002,1,126.7940792,-0.017759337,135.4851813,0.028610356,127.250465,0.004782002,119.7074266,-0.064023015
Austin-Round Rock,2002,2,126.6725312,-0.029704764,133.8996568,-0.035064299,124.5159562,-0.002299603,122.1123393,-0.04350022
Austin-Round Rock,2002,3,127.2287636,-0.011232828,133.5921093,-0.020967401,126.6907595,0.014876468,122.3559766,-0.021179032
Austin-Round Rock,2002,4,124.6110036,-0.002982187,128.4042659,-0.036567496,124.4657234,0.003579714,121.8717681,0.021146874
Houston-The Woodlands-Sugar Land,2002,1,110.152957,0.039747875,115.6966348,0.071429297,109.4727657,0.036341573,105.855781,0.01808939
Houston-The Woodlands-Sugar Land,2002,2,110.3025802,0.031710521,116.4617202,0.044042544,109.286668,0.038772149,106.0626264,0.014364005
Houston-The Woodlands-Sugar Land,2002,3,112.0624064,0.037063985,117.6282398,0.048435167,111.6175153,0.047950087,107.7090939,0.017636045
Houston-The Woodlands-Sugar Land,2002,4,112.1573057,0.039998541,118.3139985,0.041550092,112.1641927,0.053588808,107.3618092,0.029885997
Austin-Round Rock,2003,1,123.8804164,-0.022979486,129.6241922,-0.043259262,123.3367555,-0.030755954,120.4517718,0.006218036
Austin-Round Rock,2003,2,122.917839,-0.029640934,131.4906038,-0.01799148,120.1455126,-0.035099466,118.1037649,-0.032826939
Austin-Round Rock,2003,3,121.9219601,-0.041710721,128.4165051,-0.03874184,119.9596505,-0.053130228,117.9315955,-0.036159909
Austin-Round Rock,2003,4,120.0405874,-0.036677469,124.7129774,-0.028747397,117.355709,-0.057124276,117.8821055,-0.032736561
Houston-The Woodlands-Sugar Land,2003,1,112.0063016,0.016825192,116.9624077,0.010940447,112.3017307,0.025841723,107.5352745,0.015865864
Houston-The Woodlands-Sugar Land,2003,2,112.6583259,0.021357121,120.452087,0.034263333,111.6673245,0.021783595,107.4007817,0.012616652
Houston-The Woodlands-Sugar Land,2003,3,113.427942,0.012185492,119.8720382,0.019075337,112.0984405,0.004308689,109.0721562,0.012655033
Houston-The Woodlands-Sugar Land,2003,4,112.9821009,0.007353914,120.2335159,0.016223924,112.9579199,0.007076476,107.4192785,0.000535285
Amarillo,2004,1,100,,,,,,,
Amarillo,2004,2,97.07221557,,,,,,,
Amarillo,2004,3,100.816402,,,,,,,
Amarillo,2004,4,99.17901401,,,,,,,
Austin-Round Rock,2004,1,120.6670565,-0.025939208,123.7795607,-0.045089048,120.0557773,-0.026601787,118.44143,-0.016690014
Austin-Round Rock,2004,2,124.5501848,0.013279974,129.5136712,-0.015034782,122.2598581,0.017598206,122.159851,0.03434341
Austin-Round Rock,2004,3,124.4744298,0.020935274,130.3210251,0.014830803,121.3530429,0.011615508,121.9719394,0.034260062
Austin-Round Rock,2004,4,124.3627773,0.036006071,127.3094786,0.020819816,122.3769553,0.042786552,123.0759819,0.044059922
El Paso,2004,1,100,,,,,,,
El Paso,2004,2,102.6796878,,,,,,,
El Paso,2004,3,105.6337714,,,,,,,
El Paso,2004,4,107.6851572,,,,,,,
Houston-The Woodlands-Sugar Land,2004,1,113.8800627,0.016729067,121.2406828,0.036578205,113.1208671,0.007294067,108.5639553,0.009565984
Houston-The Woodlands-Sugar Land,2004,2,114.2468617,0.014100474,120.5488063,0.000802969,112.5199,0.007634958,110.6810396,0.030542216
Houston-The Woodlands-Sugar Land,2004,3,115.6272382,0.019389368,123.0735957,0.026708126,114.9429829,0.025375396,110.4998538,0.013089478
Houston-The Woodlands-Sugar Land,2004,4,115.3567688,0.021018089,123.3446322,0.025875616,114.2642,0.011564306,110.1386283,0.025315287
Amarillo,2005,1,100.3553251,0.00355325,,,,,,
Amarillo,2005,2,103.295679,0.064111685,,,,,,
Amarillo,2005,3,104.1548609,0.033114243,,,,,,
Amarillo,2005,4,105.863918,0.067402404,,,,,,
Austin-Round Rock,2005,1,127.9282691,0.0601756,131.4242535,0.061760541,123.8169153,0.031328255,127.2110052,0.07404145
Austin-Round Rock,2005,2,129.1348331,0.036809646,132.9387453,0.026445656,126.3729417,0.033642142,128.1311976,0.048881417
Austin-Round Rock,2005,3,131.2260828,0.054241285,134.9867116,0.035801487,127.3518163,0.04943241,131.5294694,0.078358433
Austin-Round Rock,2005,4,133.6147132,0.074394735,137.964701,0.083695436,130.2867421,0.06463461,132.0350944,0.072793345
Dallas-Fort Worth-Arlington,2005,1,100,,100,,100,,100,
Dallas-Fort Worth-Arlington,2005,2,102.1012858,,102.1064286,,101.0736947,,102.8046916,
Dallas-Fort Worth-Arlington,2005,3,103.0231773,,103.5382936,,101.2153666,,104.2293495,
Dallas-Fort Worth-Arlington,2005,4,104.0344144,,104.9566088,,103.1778959,,104.0620414,
Dallas-Plano-Irving,2005,1,100,,,,,,,
Dallas-Plano-Irving,2005,2,102.0022618,,,,,,,
Dallas-Plano-Irving,2005,3,103.0683568,,,,,,,
Dallas-Plano-Irving,2005,4,103.6698496,,,,,,,
El Paso,2005,1,106.8044785,0.068044784,,,,,,
El Paso,2005,2,114.1082634,0.111303178,,,,,,
El Paso,2005,3,116.386349,0.101791098,,,,,,
El Paso,2005,4,123.0609849,0.142785023,,,,,,
Fort Worth-Arlington,2005,1,100,,,,,,,
Fort Worth-Arlington,2005,2,102.2066961,,,,,,,
Fort Worth-Arlington,2005,3,102.6686417,,,,,,,
Fort Worth-Arlington,2005,4,104.6854261,,,,,,,
Houston-The Woodlands-Sugar Land,2005,1,115.8554382,0.017346105,122.7298969,0.012283122,114.4676437,0.011905642,111.4333409,0.02643037
Houston-The Woodlands-Sugar Land,2005,2,117.4713756,0.028224091,125.716867,0.042871106,115.6768159,0.028056512,112.4804834,0.016257922
Houston-The Woodlands-Sugar Land,2005,3,118.7158809,0.026712068,126.6471824,0.029036176,117.3716932,0.021129696,113.6945876,0.028911655
Houston-The Woodlands-Sugar Land,2005,4,119.2905258,0.034100791,127.1249892,0.030648735,117.7629348,0.030619693,114.5540848,0.040089989
Killeen-Temple,2005,1,100,,,,,,,
Killeen-Temple,2005,2,105.8640865,,,,,,,
Killeen-Temple,2005,3,106.4870584,,,,,,,
Killeen-Temple,2005,4,106.9182408,,,,,,,
San Antonio-New Braunfels,2005,1,100,,100,,100,,100,
San Antonio-New Braunfels,2005,2,101.3512312,,97.52794377,,102.7651112,,103.4906591,
San Antonio-New Braunfels,2005,3,102.9797698,,100.0660725,,105.1273678,,104.293928,
San Antonio-New Braunfels,2005,4,106.1434857,,103.4204128,,105.8500702,,108.3722002,
Amarillo,2006,1,106.5450815,0.061678406,,,,,,
Amarillo,2006,2,109.3155336,0.058277893,,,,,,
Amarillo,2006,3,107.8354305,0.035337473,,,,,,
Amarillo,2006,4,108.4930355,0.024834878,,,,,,
Austin-Round Rock,2006,1,136.1084956,0.063943852,138.1662369,0.051299385,133.1923739,0.075720337,136.0848991,0.069757281
Austin-Round Rock,2006,2,139.3748974,0.07929746,142.6201181,0.072825817,136.4345249,0.079618176,138.8980382,0.084029812
Austin-Round Rock,2006,3,141.6441511,0.079390225,143.8242801,0.065469915,137.7289042,0.081483626,143.0863028,0.087864973
Austin-Round Rock,2006,4,143.3981965,0.073221601,146.9573773,0.065180993,141.316994,0.084661353,142.2153827,0.077102897
Dallas-Fort Worth-Arlington,2006,1,104.8845782,0.048845781,104.923303,0.04923303,103.584229,0.035842289,106.1119069,0.061119069
Dallas-Fort Worth-Arlington,2006,2,106.4738968,0.042826209,105.6374311,0.034581588,104.9503905,0.03835514,108.4301082,0.054719454
Dallas-Fort Worth-Arlington,2006,3,107.7585424,0.045964074,106.8146224,0.031643643,106.0706125,0.047969454,110.1264766,0.056578374
Dallas-Fort Worth-Arlington,2006,4,106.9783175,0.028297396,105.297803,0.003250811,105.4554336,0.022073891,109.9499604,0.056580852
Dallas-Plano-Irving,2006,1,105.2543011,0.052543011,,,,,,
Dallas-Plano-Irving,2006,2,106.3341375,0.042468427,,,,,,
Dallas-Plano-Irving,2006,3,107.7569589,0.045490218,,,,,,
Dallas-Plano-Irving,2006,4,106.9020681,0.031177999,,,,,,
El Paso,2006,1,123.6279651,0.157516677,,,,,,
El Paso,2006,2,128.472579,0.125883219,,,,,,
El Paso,2006,3,133.1372865,0.143925276,,,,,,
El Paso,2006,4,134.6192116,0.093922754,,,,,,
Fort Worth-Arlington,2006,1,103.9472554,0.039472553,,,,,,
Fort Worth-Arlington,2006,2,106.6864698,0.043830529,,,,,,
Fort Worth-Arlington,2006,3,107.5830182,0.047866382,,,,,,
Fort Worth-Arlington,2006,4,106.828933,0.020475695,,,,,,
Houston-The Woodlands-Sugar Land,2006,1,121.1749795,0.045915334,128.0976224,0.043736087,118.894771,0.038675796,117.4077974,0.053614622
Houston-The Woodlands-Sugar Land,2006,2,122.2528738,0.040703517,130.5058537,0.03809343,119.7960606,0.035609941,118.4071496,0.052690618
Houston-The Woodlands-Sugar Land,2006,3,123.3684226,0.039190558,130.6449807,0.03156642,121.5258483,0.035393159,119.9370263,0.054905328
Houston-The Woodlands-Sugar Land,2006,4,123.8290658,0.038046105,129.6019208,0.019484222,122.7486297,0.042336707,120.4166725,0.051177464
Killeen-Temple,2006,1,108.2572101,0.0825721,,,,,,
Killeen-Temple,2006,2,110.5040202,0.043829156,,,,,,
Killeen-Temple,2006,3,111.3396419,0.045569701,,,,,,
Killeen-Temple,2006,4,109.6942868,0.025964194,,,,,,
San Antonio-New Braunfels,2006,1,107.5134959,0.075134958,105.9986865,0.059986865,107.0745474,0.070745473,108.9112045,0.089112044
San Antonio-New Braunfels,2006,2,110.1011398,0.086332533,107.8306982,0.105638999,111.2454934,0.082521996,111.3378214,0.075824836
San Antonio-New Braunfels,2006,3,112.5496051,0.092929274,109.0709097,0.089988913,113.858643,0.083054255,114.9554564,0.102225782
San Antonio-New Braunfels,2006,4,112.9980475,0.064578261,108.1447425,0.045680823,116.4968336,0.100583432,114.4387658,0.055978983
Amarillo,2007,1,110.5336657,0.037435648,,,,,,
Amarillo,2007,2,112.9371902,0.033130301,,,,,,
Amarillo,2007,3,112.870187,0.04668926,,,,,,
Amarillo,2007,4,110.0321911,0.014186676,,,,,,
Austin-Round Rock,2007,1,145.4278793,0.068470257,148.9486511,0.078039429,143.2453826,0.075477359,143.8747793,0.057242797
Austin-Round Rock,2007,2,148.6018842,0.066202644,152.7736948,0.071193158,143.8787587,0.054562683,149.0093101,0.072796362
Austin-Round Rock,2007,3,150.205388,0.060441866,153.8083806,0.069418741,147.834543,0.073373405,150.0232121,0.048480596
Austin-Round Rock,2007,4,148.8881902,0.038284956,154.4844261,0.051219264,147.0362225,0.040470918,145.4419565,0.022687937
Dallas-Fort Worth-Arlington,2007,1,107.4862567,0.024805157,106.4110975,0.014179828,106.0011863,0.023333256,109.8169492,0.034916366
Dallas-Fort Worth-Arlington,2007,2,108.7526224,0.02140173,106.8080705,0.011081672,106.9678376,0.019222864,112.0076697,0.03299417
Dallas-Fort Worth-Arlington,2007,3,108.6119071,0.007919229,106.4485779,-0.003426914,107.1211551,0.00990418,111.9310363,0.016386247
Dallas-Fort Worth-Arlington,2007,4,107.6047998,0.00585616,104.1814631,-0.010601739,106.4312604,0.009253452,111.9309989,0.018017636
Dallas-Plano-Irving,2007,1,107.4988308,0.021324825,,,,,,
Dallas-Plano-Irving,2007,2,108.9824593,0.024905659,,,,,,
Dallas-Plano-Irving,2007,3,108.9211671,0.010804018,,,,,,
Dallas-Plano-Irving,2007,4,107.8064118,0.008459553,,,,,,
El Paso,2007,1,134.5891618,0.08866276,,,,,,
El Paso,2007,2,139.5327602,0.086089819,,,,,,
El Paso,2007,3,133.9048377,0.00576511,,,,,,
El Paso,2007,4,132.0444679,-0.019126123,,,,,,
Fort Worth-Arlington,2007,1,107.2659912,0.031927113,,,,,,
Fort Worth-Arlington,2007,2,108.2827185,0.014962053,,,,,,
Fort Worth-Arlington,2007,3,107.9747743,0.003641431,,,,,,
Fort Worth-Arlington,2007,4,107.0400411,0.001976132,,,,,,
Houston-The Woodlands-Sugar Land,2007,1,124.8519142,0.030344008,131.2358029,0.02449835,122.4411252,0.029827671,121.8085256,0.037482419
Houston-The Woodlands-Sugar Land,2007,2,126.2261132,0.032500171,130.6343088,0.000984285,123.7968695,0.033396832,124.8889591,0.054741707
Houston-The Woodlands-Sugar Land,2007,3,126.2756639,0.023565522,131.0943453,0.003439585,124.5735138,0.025078331,124.3119548,0.03647688
Houston-The Woodlands-Sugar Land,2007,4,125.2011133,0.011080173,129.5459527,-0.000431845,121.7596602,-0.008056867,125.1687315,0.039463463
Killeen-Temple,2007,1,110.9835573,0.025183978,,,,,,
Killeen-Temple,2007,2,109.8213746,-0.006177563,,,,,,
Killeen-Temple,2007,3,112.7264975,0.012456081,,,,,,
Killeen-Temple,2007,4,114.2478595,0.041511483,,,,,,
San Antonio-New Braunfels,2007,1,114.9710415,0.069363809,111.6400428,0.053221001,116.7823119,0.090663605,117.2783526,0.076825411
San Antonio-New Braunfels,2007,2,115.3201148,0.047401644,111.6383849,0.035311713,116.3038749,0.04547044,117.7089563,0.057223455
San Antonio-New Braunfels,2007,3,115.7224809,0.02819091,112.0682219,0.027480399,117.6642636,0.033424081,117.8665303,0.025323494
San Antonio-New Braunfels,2007,4,112.8749975,-0.001088956,111.434027,0.030415575,111.6374631,-0.041712468,115.1482421,0.006199615
Amarillo,2008,1,109.9890029,-0.004927573,,,,,,
Amarillo,2008,2,111.4304041,-0.013341805,,,,,,
Amarillo,2008,3,114.0359421,0.010328281,,,,,,
Amarillo,2008,4,112.1271245,0.019039277,,,,,,
Austin-Round Rock,2008,1,148.4263321,0.020618142,153.9798873,0.033778326,146.5786924,0.023269928,144.8393852,0.006704482
Austin-Round Rock,2008,2,150.9671819,0.01591701,158.5941017,0.038098227,147.2662528,0.023544087,148.1963745,-0.005455603
Austin-Round Rock,2008,3,149.0827574,-0.00747397,153.8206861,0.000080005,146.6352767,-0.008112219,147.420781,-0.017346856
Austin-Round Rock,2008,4,144.3446615,-0.03051638,150.2071976,-0.027687117,140.3441123,-0.045513344,142.7917493,-0.018221751
College Station-Bryan,2008,1,100,,,,,,,
College Station-Bryan,2008,2,103.4910376,,,,,,,
College Station-Bryan,2008,3,105.0625246,,,,,,,
College Station-Bryan,2008,4,102.0977471,,,,,,,
Dallas-Fort Worth-Arlington,2008,1,106.9123155,-0.00533967,103.6843574,-0.025624583,105.9584744,-0.000402937,110.6746245,0.007810045
Dallas-Fort Worth-Arlington,2008,2,107.9064178,-0.007781004,105.6414369,-0.010922709,106.745414,-0.00207935,110.860972,-0.010237671
Dallas-Fort Worth-Arlington,2008,3,107.6310857,-0.009030514,105.6136811,-0.007843192,107.2954965,0.001627515,110.3759708,-0.013893068
Dallas-Fort Worth-Arlington,2008,4,104.5381343,-0.028499337,101.3864308,-0.026828499,104.4970666,-0.018173173,107.3778271,-0.04067838
Dallas-Plano-Irving,2008,1,106.8349594,-0.006175614,,,,,,
Dallas-Plano-Irving,2008,2,108.090403,-0.008185319,,,,,,
Dallas-Plano-Irving,2008,3,107.4124547,-0.013851416,,,,,,
Dallas-Plano-Irving,2008,4,104.1105857,-0.034282062,,,,,,
El Paso,2008,1,129.740522,-0.036025484,,,,,,
El Paso,2008,2,130.7242767,-0.063128425,,,,,,
El Paso,2008,3,129.499413,-0.032899668,,,,,,
El Paso,2008,4,129.7401179,-0.017451317,,,,,,
Fort Worth-Arlington,2008,1,106.7630314,-0.004688902,,,,,,
Fort Worth-Arlington,2008,2,107.5238439,-0.00700827,,,,,,
Fort Worth-Arlington,2008,3,107.6461995,-0.00304307,,,,,,
Fort Worth-Arlington,2008,4,105.073646,-0.01837065,,,,,,
Houston-The Woodlands-Sugar Land,2008,1,124.6005775,-0.002013078,127.2938163,-0.030037432,123.3331757,0.007285546,124.0694734,0.01856149
Houston-The Woodlands-Sugar Land,2008,2,125.7369531,-0.003875268,128.813561,-0.013937745,124.1054953,0.002493001,125.1374726,0.001989875
Houston-The Woodlands-Sugar Land,2008,3,125.8989825,-0.002983008,128.9281007,-0.016524317,123.4581872,-0.00895316,126.2410395,0.015518094
Houston-The Woodlands-Sugar Land,2008,4,123.5525928,-0.013166979,125.5104205,-0.031151356,121.4956052,-0.002168657,123.9581461,-0.009671627
Killeen-Temple,2008,1,111.9343266,0.008566758,,,,,,
Killeen-Temple,2008,2,113.1079565,0.029926614,,,,,,
Killeen-Temple,2008,3,112.4895939,-0.002101578,,,,,,
Killeen-Temple,2008,4,109.1866347,-0.04430039,,,,,,
San Antonio-New Braunfels,2008,1,112.6737271,-0.019981679,110.2882642,-0.012108367,113.5909902,-0.027327098,114.3326911,-0.025116839
San Antonio-New Braunfels,2008,2,114.3666126,-0.008268308,111.5699378,-0.000613114,115.6495681,-0.005625838,116.21126,-0.012723724
San Antonio-New Braunfels,2008,3,112.0371425,-0.031846348,107.5059056,-0.040710169,113.8358611,-0.032536663,115.0037547,-0.024288282
San Antonio-New Braunfels,2008,4,110.2197486,-0.0235238,107.8077594,-0.032541833,110.0679368,-0.014059136,112.1066177,-0.026414857
Amarillo,2009,1,107.6479353,-0.02128456,,,,,,
Amarillo,2009,2,109.6023803,-0.016405071,,,,,,
Amarillo,2009,3,112.6603313,-0.012062957,,,,,,
Amarillo,2009,4,112.1879592,0.000542551,,,,,,
Austin-Round Rock,2009,1,142.8385558,-0.037646799,150.7103342,-0.021233637,139.4874846,-0.048378162,139.6701396,-0.035689502
Austin-Round Rock,2009,2,145.1547899,-0.03850103,153.0420774,-0.03500776,141.8691891,-0.036648339,141.0909381,-0.047946087
Austin-Round Rock,2009,3,145.1185522,-0.026590635,153.061966,-0.004932497,143.3853509,-0.022163328,140.5113504,-0.046868769
Austin-Round Rock,2009,4,144.8463624,0.003475714,153.1306657,0.019462903,143.3117556,0.021145477,138.8081642,-0.027897865
College Station-Bryan,2009,1,105.6282442,0.056282442,,,,,,
College Station-Bryan,2009,2,105.1815391,0.016334762,,,,,,
College Station-Bryan,2009,3,106.3023702,0.011801026,,,,,,
College Station-Bryan,2009,4,105.5453444,0.033767613,,,,,,
Dallas-Fort Worth-Arlington,2009,1,104.3939455,-0.02355547,102.5171557,-0.011257258,103.3940339,-0.024202316,106.7442502,-0.035512876
Dallas-Fort Worth-Arlington,2009,2,106.0555806,-0.017152243,104.8983924,-0.007033646,105.3986378,-0.012616712,107.4835174,-0.030465676
Dallas-Fort Worth-Arlington,2009,3,106.0887377,-0.014329948,104.8697008,-0.007044355,105.6609674,-0.015233901,107.4696907,-0.026330731
Dallas-Fort Worth-Arlington,2009,4,105.8262156,0.01232164,104.503624,0.030745664,106.0859571,0.01520512,106.9314506,-0.004157063
Dallas-Plano-Irving,2009,1,104.4584122,-0.022245033,,,,,,
Dallas-Plano-Irving,2009,2,106.0473991,-0.018900882,,,,,,
Dallas-Plano-Irving,2009,3,105.6880012,-0.016054502,,,,,,
Dallas-Plano-Irving,2009,4,105.7908712,0.01613943,,,,,,
El Paso,2009,1,127.6490083,-0.016120743,,,,,,
El Paso,2009,2,127.4888047,-0.024750353,,,,,,
El Paso,2009,3,125.7845021,-0.0286867,,,,,,
El Paso,2009,4,125.9941035,-0.028873216,,,,,,
Fort Worth-Arlington,2009,1,104.2445095,-0.02358983,,,,,,
Fort Worth-Arlington,2009,2,105.8824937,-0.015264988,,,,,,
Fort Worth-Arlington,2009,3,106.5746608,-0.009954264,,,,,,
Fort Worth-Arlington,2009,4,105.3239646,0.002382316,,,,,,
Houston-The Woodlands-Sugar Land,2009,1,121.9471987,-0.021295075,124.5475641,-0.021574121,121.5825398,-0.014194363,120.8450942,-0.025988497
Houston-The Woodlands-Sugar Land,2009,2,125.2314357,-0.004020436,128.6984354,-0.000893738,123.9408998,-0.001326254,123.7558351,-0.011040957
Houston-The Woodlands-Sugar Land,2009,3,125.1026951,-0.006324812,129.3419652,0.00321004,122.9995786,-0.003714686,123.8763306,-0.018731696
Houston-The Woodlands-Sugar Land,2009,4,124.4767999,0.007480272,128.5061554,0.023868415,123.9313185,0.020047748,122.5540489,-0.011327187
Killeen-Temple,2009,1,109.1014445,-0.02530843,,,,,,
Killeen-Temple,2009,2,107.770938,-0.047185173,,,,,,
Killeen-Temple,2009,3,109.1261758,-0.029899815,,,,,,
Killeen-Temple,2009,4,109.5796426,0.003599414,,,,,,
San Antonio-New Braunfels,2009,1,107.074149,-0.049697283,103.4800912,-0.061730711,109.1339178,-0.039237904,108.7778053,-0.048585279
San Antonio-New Braunfels,2009,2,109.3319709,-0.044021953,106.6349601,-0.044232144,111.9371754,-0.032100358,109.4538316,-0.058147793
San Antonio-New Braunfels,2009,3,109.3683236,-0.02382084,105.568928,-0.018017405,110.7898793,-0.026757664,112.0052543,-0.026073065
San Antonio-New Braunfels,2009,4,109.2576732,-0.008728702,105.8187294,-0.018449785,110.8105539,0.006746897,111.0931141,-0.009040532
Amarillo,2010,1,110.3200316,0.02482255,,,,,,
Amarillo,2010,2,111.9393844,0.021322567,,,,,,
Amarillo,2010,3,111.3367271,-0.011748626,,,,,,
Amarillo,2010,4,110.6337231,-0.013853858,,,,,,
Austin-Round Rock,2010,1,144.5905157,0.012265315,152.022399,0.008705872,143.6644932,0.0299454,139.9276683,0.001843835
Austin-Round Rock,2010,2,145.4276532,0.001879809,152.641418,-0.002617968,143.3812251,0.010657959,141.0363883,-0.000386628
Austin-Round Rock,2010,3,142.6868325,-0.01675678,146.9288959,-0.040069197,140.1016539,-0.022901202,141.2696552,0.00539675
Austin-Round Rock,2010,4,139.808016,-0.034784072,144.7213797,-0.054915754,137.1498846,-0.04299627,138.1829372,-0.004504252
College Station-Bryan,2010,1,103.7037918,-0.018219108,,,,,,
College Station-Bryan,2010,2,108.2294481,0.028977604,,,,,,
College Station-Bryan,2010,3,105.0042658,-0.012211434,,,,,,
College Station-Bryan,2010,4,104.3223348,-0.011587527,,,,,,
Dallas-Fort Worth-Arlington,2010,1,104.5214877,0.001221739,103.7564871,0.012089014,105.0110742,0.015639589,105.7316823,-0.009485924
Dallas-Fort Worth-Arlington,2010,2,106.2343334,0.001685463,105.6754093,0.007407328,106.4554277,0.010026599,106.8595695,-0.005805056
Dallas-Fort Worth-Arlington,2010,3,104.7763759,-0.012370416,102.199569,-0.025461423,105.3404988,-0.003032989,107.2145914,-0.002373685
Dallas-Fort Worth-Arlington,2010,4,103.2057639,-0.024761839,100.2173159,-0.041015879,104.7865572,-0.012248557,105.2387271,-0.015829988
Dallas-Plano-Irving,2010,1,103.6486408,-0.007752093,,,,,,
Dallas-Plano-Irving,2010,2,106.1474505,0.000943458,,,,,,
Dallas-Plano-Irving,2010,3,104.5100861,-0.011145211,,,,,,
Dallas-Plano-Irving,2010,4,103.0876232,-0.025552752,,,,,,
El Paso,2010,1,123.7186203,-0.030790588,,,,,,
El Paso,2010,2,125.7997393,-0.013248734,,,,,,
El Paso,2010,3,126.9960255,0.009631738,,,,,,
El Paso,2010,4,123.6132918,-0.018896214,,,,,,
Fort Worth-Arlington,2010,1,105.4701424,0.011757289,,,,,,
Fort Worth-Arlington,2010,2,106.103409,0.002086419,,,,,,
Fort Worth-Arlington,2010,3,105.0539872,-0.014268622,,,,,,
Fort Worth-Arlington,2010,4,103.2400487,-0.019785771,,,,,,
Houston-The Woodlands-Sugar Land,2010,1,124.2317403,0.018733858,128.5245475,0.031931442,122.6743453,0.008979953,122.583615,0.014386357
Houston-The Woodlands-Sugar Land,2010,2,125.408944,0.001417441,129.644746,0.007352929,124.263605,0.002603702,123.6316969,-0.001003089
Houston-The Woodlands-Sugar Land,2010,3,122.8636158,-0.017897929,124.8595947,-0.034655191,122.6393235,-0.002928913,122.4466408,-0.011541267
Houston-The Woodlands-Sugar Land,2010,4,120.662718,-0.030640906,121.7623114,-0.052478762,119.8327184,-0.033071544,121.1067311,-0.011809628
Killeen-Temple,2010,1,110.5365636,0.013153987,,,,,,
Killeen-Temple,2010,2,111.7594575,0.03700923,,,,,,
Killeen-Temple,2010,3,107.1385973,-0.018213581,,,,,,
Killeen-Temple,2010,4,107.8539287,-0.01574849,,,,,,
San Antonio-New Braunfels,2010,1,108.8602567,0.016681036,106.2915416,0.027168998,110.973053,0.016852094,109.7049159,0.008522975
San Antonio-New Braunfels,2010,2,110.4440617,0.010171688,109.0331135,0.022489373,110.9264029,-0.00902982,111.8891196,0.022249453
San Antonio-New Braunfels,2010,3,107.2185462,-0.019656307,101.9227912,-0.034537973,108.9660985,-0.016461619,110.9391128,-0.009518674
San Antonio-New Braunfels,2010,4,108.3885812,-0.007954516,101.7798137,-0.038168249,110.7800722,-0.000275079,112.1299181,0.009332747
Amarillo,2011,1,111.6317261,0.011889902,,,,,,
Amarillo,2011,2,111.1742796,-0.006834992,,,,,,
Amarillo,2011,3,111.7082278,0.00333673,,,,,,
Amarillo,2011,4,110.7219557,0.000797519,,,,,,
Austin-Round Rock,2011,1,141.2080314,-0.023393542,144.7680062,-0.047719236,138.4489169,-0.036303865,140.1679537,0.001717211
Austin-Round Rock,2011,2,142.4531783,-0.020453296,146.1473816,-0.042544392,139.7600077,-0.025255868,141.7076639,0.004759591
Austin-Round Rock,2011,3,143.2995467,0.004294118,148.0530524,0.007651023,140.8254096,0.005165932,141.8825664,0.00433859
Austin-Round Rock,2011,4,143.783702,0.028436752,148.2237205,0.024200576,140.7182099,0.026017705,142.3953916,0.03048462
College Station-Bryan,2011,1,103.6098728,-0.000905646,,,,,,
College Station-Bryan,2011,2,104.8338753,-0.031373834,,,,,,
College Station-Bryan,2011,3,104.9793584,-0.000237203,,,,,,
College Station-Bryan,2011,4,103.661182,-0.006337595,,,,,,
Dallas-Fort Worth-Arlington,2011,1,103.7262147,-0.007608702,101.7454601,-0.019382181,103.4193077,-0.015158081,105.2743612,-0.004325298
Dallas-Fort Worth-Arlington,2011,2,105.1252907,-0.010439587,102.5353353,-0.02971433,104.8425248,-0.015150969,107.2901736,0.004029625
Dallas-Fort Worth-Arlington,2011,3,105.3967595,0.005921025,103.7328494,0.015002807,104.4707233,-0.0082568,107.1079099,-0.000995028
Dallas-Fort Worth-Arlington,2011,4,104.8120993,0.015564396,102.9580647,0.027348056,104.0829205,-0.006714951,106.7638634,0.014492159
Dallas-Plano-Irving,2011,1,103.6711162,0.000216841,,,,,,
Dallas-Plano-Irving,2011,2,105.5050167,-0.006052277,,,,,,
Dallas-Plano-Irving,2011,3,105.6349294,0.010763012,,,,,,
Dallas-Plano-Irving,2011,4,104.8258158,0.016861312,,,,,,
El Paso,2011,1,125.4200553,0.013752457,,,,,,
El Paso,2011,2,126.0904246,0.002310698,,,,,,
El Paso,2011,3,127.7239624,0.005731966,,,,,,
El Paso,2011,4,125.7435457,0.01723321,,,,,,
Fort Worth-Arlington,2011,1,103.6169797,-0.017570495,,,,,,
Fort Worth-Arlington,2011,2,104.2482158,-0.017484764,,,,,,
Fort Worth-Arlington,2011,3,104.7299477,-0.003084504,,,,,,
Fort Worth-Arlington,2011,4,104.5146119,0.012345628,,,,,,
Houston-The Woodlands-Sugar Land,2011,1,121.697468,-0.020399555,122.7528405,-0.044907429,120.0909308,-0.021059125,122.1402405,-0.003616914
Houston-The Woodlands-Sugar Land,2011,2,123.366317,-0.016287729,125.0948103,-0.03509541,121.3544899,-0.023410837,123.6732809,0.000336354
Houston-The Woodlands-Sugar Land,2011,3,123.7887779,0.007529992,126.5531638,0.013563788,120.8059608,-0.014949224,124.1906321,0.014242867
Houston-The Woodlands-Sugar Land,2011,4,122.9429523,0.018897588,124.8913672,0.025698064,120.869221,0.008649579,122.8901128,0.014725702
Killeen-Temple,2011,1,107.4400439,-0.028013532,,,,,,
Killeen-Temple,2011,2,108.2457953,-0.031439506,,,,,,
Killeen-Temple,2011,3,107.6494657,0.004768294,,,,,,
Killeen-Temple,2011,4,106.4242206,-0.013255966,,,,,,
San Antonio-New Braunfels,2011,1,108.159642,-0.006435909,103.2596635,-0.02852417,109.9793568,-0.008954391,111.0528222,0.012286652
San Antonio-New Braunfels,2011,2,109.1602174,-0.011624384,103.4421536,-0.051277632,111.5992778,0.006065957,112.1122868,0.001994539
San Antonio-New Braunfels,2011,3,109.2167666,0.018636891,104.5872932,0.026142356,111.1235369,0.019799171,111.7174457,0.007015856
San Antonio-New Braunfels,2011,4,109.7060554,0.012155101,105.1929831,0.033534836,111.45173,0.006062984,112.1171719,-0.000113673
Amarillo,2012,1,110.8805688,-0.006728886,,,,,,
Amarillo,2012,2,113.9217717,0.024713378,,,,,,
Amarillo,2012,3,113.8163187,0.018871402,,,,,,
Amarillo,2012,4,113.7443403,0.027297067,,,,,,
Austin-Round Rock,2012,1,145.6338644,0.031342643,150.3712937,0.038705288,142.8241966,0.031602123,143.6537663,0.024868826
Austin-Round Rock,2012,2,149.1356017,0.046909612,152.9982064,0.046876137,146.3258495,0.046979403,147.9829321,0.044283196
Austin-Round Rock,2012,3,150.6313163,0.051163941,155.2555977,0.048648407,147.887844,0.050150284,149.2335258,0.051810166
Austin-Round Rock,2012,4,151.4536017,0.053343317,155.2985192,0.047730543,148.7728406,0.057239434,149.9581071,0.053110676
College Station-Bryan,2012,1,105.5312834,0.018544667,,,,,,
College Station-Bryan,2012,2,106.1201284,0.012269441,,,,,,
College Station-Bryan,2012,3,105.8331409,0.008132861,,,,,,
College Station-Bryan,2012,4,105.3991009,0.016765377,,,,,,
Dallas-Fort Worth-Arlington,2012,1,106.1832973,0.023688154,104.8897652,0.03090364,105.3861613,0.019018243,107.0598812,0.016960634
Dallas-Fort Worth-Arlington,2012,2,108.5196691,0.032288884,107.4147589,0.047587727,107.8412105,0.028601807,109.3695584,0.019380944
Dallas-Fort Worth-Arlington,2012,3,109.1959695,0.036046744,107.6737064,0.037990443,108.6019391,0.039544244,110.6947069,0.033487694
Dallas-Fort Worth-Arlington,2012,4,109.5626251,0.045324211,108.1707651,0.050629354,109.2673869,0.049810923,110.3498542,0.033588057
Dallas-Plano-Irving,2012,1,106.2603117,0.024975091,,,,,,
Dallas-Plano-Irving,2012,2,109.033519,0.033443929,,,,,,
Dallas-Plano-Irving,2012,3,109.76482,0.03909588,,,,,,
Dallas-Plano-Irving,2012,4,110.3557819,0.052753856,,,,,,
El Paso,2012,1,123.6901686,-0.013792743,,,,,,
El Paso,2012,2,124.9198805,-0.00928337,,,,,,
El Paso,2012,3,125.6360895,-0.016346759,,,,,,
El Paso,2012,4,127.2035608,0.011611054,,,,,,
Fort Worth-Arlington,2012,1,105.8515071,0.021565263,,,,,,
Fort Worth-Arlington,2012,2,107.5189985,0.031374951,,,,,,
Fort Worth-Arlington,2012,3,108.0412488,0.031617518,,,,,,
Fort Worth-Arlington,2012,4,107.9398992,0.032773286,,,,,,
Houston-The Woodlands-Sugar Land,2012,1,123.9442678,0.018462174,126.3139905,0.029010734,121.5800481,0.012399914,123.9153242,0.01453316
Houston-The Woodlands-Sugar Land,2012,2,126.3312896,0.02403389,127.8671547,0.022161945,123.6834556,0.019191426,127.0038578,0.026930447
Houston-The Woodlands-Sugar Land,2012,3,127.3876213,0.029072452,129.3638036,0.022209162,125.0049454,0.034758091,128.0123086,0.030772663
Houston-The Woodlands-Sugar Land,2012,4,128.7465971,0.047205997,130.7562631,0.046959978,125.8173812,0.040938132,128.8959898,0.048871929
Killeen-Temple,2012,1,109.6488323,0.020558334,,,,,,
Killeen-Temple,2012,2,110.2391855,0.018415405,,,,,,
Killeen-Temple,2012,3,108.9220717,0.011821758,,,,,,
Killeen-Temple,2012,4,108.5773724,0.020231783,,,,,,
San Antonio-New Braunfels,2012,1,110.0580405,0.017551819,106.0643247,0.027161246,111.4828172,0.013670387,112.1373025,0.009765446
San Antonio-New Braunfels,2012,2,111.8922467,0.0250277,107.8871972,0.042971297,112.869612,0.011382996,114.4872183,0.021183507
San Antonio-New Braunfels,2012,3,112.1040499,0.026436263,106.8932881,0.022048518,113.336376,0.019913325,115.34348,0.032457189
San Antonio-New Braunfels,2012,4,112.4932539,0.025406059,107.8169667,0.024944474,114.1859352,0.024532639,114.4933045,0.021193297
Amarillo,2013,1,114.8407792,0.035715999,,,,,,
Amarillo,2013,2,116.1743101,0.019772677,,,,,,
Amarillo,2013,3,116.2904496,0.021737927,,,,,,
Amarillo,2013,4,116.7043449,0.026023312,,,,,,
Austin-Round Rock,2013,1,155.8718784,0.070299679,161.8445803,0.076299713,152.5315655,0.067967256,153.1054388,0.065794811
Austin-Round Rock,2013,2,162.2395755,0.087866167,167.2627529,0.093233423,159.3103122,0.088736629,159.7891964,0.079781256
Austin-Round Rock,2013,3,165.0350116,0.095622183,171.1597984,0.102438823,161.5598436,0.092448434,162.3345818,0.087788959
Austin-Round Rock,2013,4,166.5427828,0.099629067,172.6930099,0.112006803,162.6321725,0.093157674,163.879119,0.092832672
College Station-Bryan,2013,1,105.8641048,0.003153769,,,,,,
College Station-Bryan,2013,2,108.2770783,0.020325549,,,,,,
College Station-Bryan,2013,3,109.4166566,0.033860052,,,,,,
College Station-Bryan,2013,4,109.8721645,0.042439296,,,,,,
Dallas-Fort Worth-Arlington,2013,1,111.4956721,0.050030229,110.747215,0.055843864,111.0887226,0.054111101,111.8268318,0.044526021
Dallas-Fort Worth-Arlington,2013,2,115.5380425,0.064673744,114.2226269,0.06337926,115.0154959,0.06652638,116.4853923,0.065062289
Dallas-Fort Worth-Arlington,2013,3,117.6493473,0.077414741,116.5900051,0.082808505,117.1835074,0.079018554,118.0785823,0.066704864
Dallas-Fort Worth-Arlington,2013,4,118.9204786,0.085411001,118.6692572,0.0970548,118.2928941,0.082600192,118.3950617,0.072906371
Dallas-Plano-Irving,2013,1,112.2944219,0.056786114,,,,,,
Dallas-Plano-Irving,2013,2,116.5519988,0.068955673,,,,,,
Dallas-Plano-Irving,2013,3,118.7897472,0.08222058,,,,,,
Dallas-Plano-Irving,2013,4,120.2761262,0.089894196,,,,,,
El Paso,2013,1,124.5111328,0.006637263,,,,,,
El Paso,2013,2,125.2771628,0.002860091,,,,,,
El Paso,2013,3,126.5562558,0.00732406,,,,,,
El Paso,2013,4,124.7243231,-0.019490316,,,,,,
Fort Worth-Arlington,2013,1,109.8674955,0.037939832,,,,,,
Fort Worth-Arlington,2013,2,113.5148564,0.055765566,,,,,,
Fort Worth-Arlington,2013,3,115.4962945,0.069001847,,,,,,
Fort Worth-Arlington,2013,4,116.2178447,0.07669032,,,,,,
Houston-The Woodlands-Sugar Land,2013,1,131.4292064,0.060389549,133.1145025,0.053838153,128.4394874,0.056419119,132.0406592,0.065571672
Houston-The Woodlands-Sugar Land,2013,2,136.4964597,0.080464389,137.8492935,0.07806648,134.040722,0.083740111,137.4742725,0.082441706
Houston-The Woodlands-Sugar Land,2013,3,139.4074922,0.094356663,141.082389,0.090586277,136.3948511,0.09111564,140.6498435,0.098721248
Houston-The Woodlands-Sugar Land,2013,4,140.6843969,0.092723225,142.5761836,0.090396591,137.5187177,0.093002543,141.5156911,0.097906081
Killeen-Temple,2013,1,108.3862969,-0.011514353,,,,,,
Killeen-Temple,2013,2,109.6076516,-0.00572876,,,,,,
Killeen-Temple,2013,3,109.5240517,0.005526703,,,,,,
Killeen-Temple,2013,4,108.7908245,0.001965898,,,,,,
San Antonio-New Braunfels,2013,1,113.4060634,0.030420521,109.4303891,0.031736066,114.2244533,0.024592454,115.4408598,0.029459931
San Antonio-New Braunfels,2013,2,116.7340727,0.04327222,113.0960732,0.04828076,118.6293136,0.051029692,118.2698547,0.033039814
San Antonio-New Braunfels,2013,3,118.1177688,0.053644082,114.4911583,0.071079019,119.8364218,0.057351805,119.8772961,0.039307086
San Antonio-New Braunfels,2013,4,118.0998683,0.04983956,114.7320117,0.064136889,119.7208095,0.048472469,119.3734419,0.04262378
Amarillo,2014,1,116.5874452,0.015209457,,,,,,
Amarillo,2014,2,120.0033117,0.032959107,,,,,,
Amarillo,2014,3,120.1831418,0.033473877,,,,,,
Amarillo,2014,4,118.9471094,0.019217489,,,,,,
Austin-Round Rock,2014,1,170.9412981,0.096678245,177.1559581,0.09460544,168.2497249,0.103048567,167.2615365,0.092459796
Austin-Round Rock,2014,2,177.951544,0.09684424,186.9401057,0.117643363,174.4960608,0.095321817,172.7303353,0.080988822
Austin-Round Rock,2014,3,180.7341516,0.095126117,190.7304024,0.114341125,177.6435179,0.099552425,174.2072889,0.073137263
Austin-Round Rock,2014,4,180.946793,0.086488347,192.4219663,0.114242936,177.3381944,0.090425047,173.1970313,0.056858448
College Station-Bryan,2014,1,109.6022734,0.035311011,,,,,,
College Station-Bryan,2014,2,113.7556834,0.050598013,,,,,,
College Station-Bryan,2014,3,114.9388755,0.050469636,,,,,,
College Station-Bryan,2014,4,116.0877844,0.056571378,,,,,,
Dallas-Fort Worth-Arlington,2014,1,120.7645168,0.083131879,120.1698927,0.08508275,120.0384924,0.080564161,120.2921726,0.075700444
Dallas-Fort Worth-Arlington,2014,2,124.481911,0.077410594,124.0861352,0.086353366,124.3270073,0.080958756,124.1079707,0.065438062
Dallas-Fort Worth-Arlington,2014,3,125.9068364,0.070187292,125.459809,0.07607688,125.8572,0.074018031,125.3102716,0.061244716
Dallas-Fort Worth-Arlington,2014,4,127.2787086,0.070284194,126.8576441,0.069001754,127.1559072,0.074924306,126.2268105,0.066149285
Dallas-Plano-Irving,2014,1,122.1993981,0.088205416,,,,,,
Dallas-Plano-Irving,2014,2,126.2960197,0.083602349,,,,,,
Dallas-Plano-Irving,2014,3,127.7363682,0.075314757,,,,,,
Dallas-Plano-Irving,2014,4,129.3355853,0.075322172,,,,,,
El Paso,2014,1,123.8036583,-0.005682018,,,,,,
El Paso,2014,2,127.1117819,0.014644481,,,,,,
El Paso,2014,3,127.6336312,0.008513015,,,,,,
El Paso,2014,4,127.5896589,0.022973352,,,,,,
Fort Worth-Arlington,2014,1,117.935659,0.0734354,,,,,,
Fort Worth-Arlington,2014,2,121.0069685,0.066001158,,,,,,
Fort Worth-Arlington,2014,3,122.4081452,0.059844783,,,,,,
Fort Worth-Arlington,2014,4,123.3968096,0.061771622,,,,,,
Houston-The Woodlands-Sugar Land,2014,1,144.487915,0.099359259,146.4960384,0.100526506,141.4739887,0.101483597,144.8666666,0.097136801
Houston-The Woodlands-Sugar Land,2014,2,148.5556646,0.088348114,149.6543122,0.085637136,146.6174542,0.093827696,149.4439117,0.087068212
Houston-The Woodlands-Sugar Land,2014,3,151.0982352,0.08386022,153.9074011,0.090904415,148.350801,0.087656901,151.4227899,0.076594087
Houston-The Woodlands-Sugar Land,2014,4,152.726869,0.085599201,156.3062707,0.096300004,149.5504915,0.087491899,152.2345302,0.075743114
Killeen-Temple,2014,1,106.6519559,-0.016001478,,,,,,
Killeen-Temple,2014,2,109.6171612,0.00008676,,,,,,
Killeen-Temple,2014,3,111.3359414,0.016543304,,,,,,
Killeen-Temple,2014,4,110.9947872,0.020258718,,,,,,
San Antonio-New Braunfels,2014,1,119.553483,0.05420715,116.3860081,0.063562041,120.5125933,0.055050734,121.0018479,0.048171748
San Antonio-New Braunfels,2014,2,122.1868068,0.046710732,119.0264514,0.05243664,124.0167228,0.04541381,123.5231,0.044417449
San Antonio-New Braunfels,2014,3,123.4120382,0.044821955,120.7306693,0.054497753,124.9863967,0.042975038,124.2585968,0.03654821
San Antonio-New Braunfels,2014,4,124.0036898,0.049990076,121.1908574,0.056295061,125.0617743,0.044611833,125.1264132,0.048193058
Sherman-Denison,2014,1,100,,,,,,,
Sherman-Denison,2014,2,106.7874149,,,,,,,
Sherman-Denison,2014,3,106.0060949,,,,,,,
Sherman-Denison,2014,4,109.2842535,,,,,,,
Amarillo,2015,1,120.388957,0.032606528,,,,,,
Amarillo,2015,2,123.0117614,0.025069722,,,,,,
Amarillo,2015,3,123.3108935,0.026024878,,,,,,
Amarillo,2015,4,123.3896398,0.037348787,,,,,,
Austin-Round Rock,2015,1,185.7881237,0.086853357,197.1890739,0.113081806,184.1794017,0.094678768,176.7720333,0.056860034
Austin-Round Rock,2015,2,192.2187291,0.080174551,207.2762078,0.108784051,188.6817409,0.081295131,182.0073681,0.053708184
Austin-Round Rock,2015,3,193.5671857,0.071005031,209.4867432,0.098339544,190.5781284,0.072812172,181.2635893,0.040505195
Austin-Round Rock,2015,4,193.4231617,0.068950482,211.953759,0.101505005,189.3080569,0.067497374,180.4125785,0.041660917
College Station-Bryan,2015,1,117.5470501,0.072487334,,,,,,
College Station-Bryan,2015,2,121.8014686,0.070728643,,,,,,
College Station-Bryan,2015,3,123.9196928,0.078135594,,,,,,
College Station-Bryan,2015,4,123.9632728,0.067840802,,,,,,
Dallas-Fort Worth-Arlington,2015,1,130.2588187,0.078618307,130.6214472,0.086973153,130.3223475,0.085671311,128.386562,0.067289411
Dallas-Fort Worth-Arlington,2015,2,134.8185703,0.08303744,135.6283254,0.093017565,135.632883,0.090936602,132.5244709,0.067815951
Dallas-Fort Worth-Arlington,2015,3,136.5802286,0.084772142,138.0540953,0.100385026,137.3578849,0.091378839,133.3543929,0.06419363
Dallas-Fort Worth-Arlington,2015,4,137.8697885,0.083211716,139.9285787,0.103036239,138.1920435,0.086792163,133.7354123,0.059485
Dallas-Plano-Irving,2015,1,132.8987497,0.087556499,,,,,,
Dallas-Plano-Irving,2015,2,137.582844,0.089368012,,,,,,
Dallas-Plano-Irving,2015,3,139.2546061,0.090171954,,,,,,
Dallas-Plano-Irving,2015,4,140.4235991,0.085730572,,,,,,
El Paso,2015,1,127.7921511,0.032216276,,,,,,
El Paso,2015,2,127.5987345,0.0038309,,,,,,
El Paso,2015,3,126.764862,-0.006806741,,,,,,
El Paso,2015,4,127.2493793,-0.002666984,,,,,,
Fort Worth-Arlington,2015,1,125.3348519,0.062739233,,,,,,
Fort Worth-Arlington,2015,2,129.8993499,0.073486522,,,,,,
Fort Worth-Arlington,2015,3,131.7581183,0.076383585,,,,,,
Fort Worth-Arlington,2015,4,133.1876814,0.07934461,,,,,,
Houston-The Woodlands-Sugar Land,2015,1,153.785675,0.064349741,158.6715341,0.083111433,150.6157348,0.064617858,152.6511622,0.053735589
Houston-The Woodlands-Sugar Land,2015,2,157.7280478,0.061743745,163.7580937,0.094242399,155.5745769,0.061091789,155.0149884,0.037278712
Houston-The Woodlands-Sugar Land,2015,3,158.53987,0.049250309,166.1008281,0.079225735,156.4348413,0.05449273,154.6043582,0.021011159
Houston-The Woodlands-Sugar Land,2015,4,157.467741,0.031041506,165.8173298,0.060848864,154.6480952,0.034086171,152.5083341,0.001798566
Killeen-Temple,2015,1,111.0975503,0.041683196,,,,,,
Killeen-Temple,2015,2,113.8102979,0.038252556,,,,,,
Killeen-Temple,2015,3,113.4964407,0.019405226,,,,,,
Killeen-Temple,2015,4,114.0625626,0.027638913,,,,,,
San Antonio-New Braunfels,2015,1,126.0440455,0.054290032,124.5385394,0.070047349,127.2442867,0.055858837,125.6081058,0.038067666
San Antonio-New Braunfels,2015,2,128.4804036,0.051507989,127.1239776,0.068031316,130.216924,0.04999488,128.0600208,0.03672933
San Antonio-New Braunfels,2015,3,129.8238466,0.051954481,128.0398366,0.060541098,132.3099796,0.058595039,129.0333934,0.038426288
San Antonio-New Braunfels,2015,4,129.9599204,0.048032688,130.1342313,0.07379578,130.8984025,0.046669961,128.3129441,0.025466492
Sherman-Denison,2015,1,111.1276526,0.111276526,,,,,,
Sherman-Denison,2015,2,114.3594448,0.070907511,,,,,,
Sherman-Denison,2015,3,117.2274121,0.105855396,,,,,,
Sherman-Denison,2015,4,119.9049948,0.097184552,,,,,,
Amarillo,2016,1,124.4415617,0.033662594,,,,,,
Amarillo,2016,2,127.4159204,0.035802747,,,,,,
Amarillo,2016,3,128.3021308,0.040476855,,,,,,
Amarillo,2016,4,127.7725897,0.035521214,,,,,,
Austin-Round Rock,2016,1,199.1180644,0.071748077,217.7945911,0.104496242,195.5641412,0.061813316,185.2866079,0.048166977
Austin-Round Rock,2016,2,204.5151478,0.06397097,223.7184924,0.079325479,201.9862898,0.070513176,190.5720276,0.047056663
Austin-Round Rock,2016,3,205.9184503,0.063808669,227.4018005,0.085518811,201.4883067,0.057247798,191.1299726,0.054431137
Austin-Round Rock,2016,4,205.7244975,0.063598049,229.1703233,0.081227926,202.4645013,0.06949754,188.2883768,0.043654374
College Station-Bryan,2016,1,128.0012751,0.088936515,,,,,,
College Station-Bryan,2016,2,130.7597067,0.073547866,,,,,,
College Station-Bryan,2016,3,132.8970969,0.072445338,,,,,,
College Station-Bryan,2016,4,130.7932063,0.055096427,,,,,,
Dallas-Fort Worth-Arlington,2016,1,140.5684483,0.079147267,143.5369164,0.098877094,141.5622462,0.086246901,135.0662627,0.052028036
Dallas-Fort Worth-Arlington,2016,2,145.2908749,0.077677018,149.1813837,0.099927933,146.8234249,0.082506112,139.3047529,0.05116249
Dallas-Fort Worth-Arlington,2016,3,147.3988302,0.079210597,152.1348361,0.101994372,148.9641176,0.084496297,139.9374215,0.049364917
Dallas-Fort Worth-Arlington,2016,4,148.1651036,0.074674192,153.9306697,0.100065984,149.9999936,0.085445947,139.6458175,0.044194765
Dallas-Plano-Irving,2016,1,143.5365416,0.080044334,,,,,,
Dallas-Plano-Irving,2016,2,148.2972574,0.077876086,,,,,,
Dallas-Plano-Irving,2016,3,150.1595818,0.078309622,,,,,,
Dallas-Plano-Irving,2016,4,150.816583,0.074011661,,,,,,
El Paso,2016,1,128.5659628,0.006055236,,,,,,
El Paso,2016,2,128.9043826,0.010232453,,,,,,
El Paso,2016,3,129.2875578,0.019900592,,,,,,
El Paso,2016,4,130.3079295,0.024035875,,,,,,
Fort Worth-Arlington,2016,1,135.301479,0.079519997,,,,,,
Fort Worth-Arlington,2016,2,140.0809705,0.078380844,,,,,,
Fort Worth-Arlington,2016,3,142.4619459,0.081238467,,,,,,
Fort Worth-Arlington,2016,4,143.5169277,0.077554067,,,,,,
Houston-The Woodlands-Sugar Land,2016,1,158.6466033,0.031608459,169.1818094,0.066239198,155.2247935,0.030601441,151.526926,-0.00736474
Houston-The Woodlands-Sugar Land,2016,2,160.6545876,0.01855434,172.4482733,0.053067176,158.6525727,0.019784696,152.65807,-0.015204454
Houston-The Woodlands-Sugar Land,2016,3,161.2046319,0.016808149,174.0020906,0.047569073,158.4838628,0.013098242,153.3208812,-0.008301687
Houston-The Woodlands-Sugar Land,2016,4,160.9571658,0.022159616,174.5877871,0.052892283,158.3594166,0.023998494,150.9731938,-0.010065943
Killeen-Temple,2016,1,114.6634178,0.032096724,,,,,,
Killeen-Temple,2016,2,115.7843874,0.017345438,,,,,,
Killeen-Temple,2016,3,116.5663342,0.027048368,,,,,,
Killeen-Temple,2016,4,116.9211578,0.025061642,,,,,,
San Antonio-New Braunfels,2016,1,130.998349,0.039306128,130.4159476,0.047193489,132.4854224,0.041189556,129.5907846,0.03170718
San Antonio-New Braunfels,2016,2,133.9964274,0.042932802,134.8997311,0.061166694,135.8188082,0.043019631,131.586423,0.027537104
San Antonio-New Braunfels,2016,3,135.3429867,0.042512529,136.8601086,0.068886935,137.7583072,0.041178508,131.3428625,0.017898228
San Antonio-New Braunfels,2016,4,135.4245234,0.042048371,137.8997316,0.059673002,137.3926689,0.04961303,130.7441172,0.018947216
Sherman-Denison,2016,1,123.4159858,0.110578536,,,,,,
Sherman-Denison,2016,2,126.32307,0.104614229,,,,,,
Sherman-Denison,2016,3,130.6811949,0.114766524,,,,,,
Sherman-Denison,2016,4,129.4453827,0.079566226,,,,,,
Amarillo,2017,1,128.3809936,0.031656882,,,,,,
Amarillo,2017,2,129.7417441,0.018253792,,,,,,
Amarillo,2017,3,131.0591892,0.021488796,,,,,,
Amarillo,2017,4,131.6300391,0.030189959,,,,,,
Austin-Round Rock,2017,1,209.1341312,0.05030215,232.6109194,0.068028908,205.9341393,0.05302607,190.6369379,0.028875967
Austin-Round Rock,2017,2,213.5054457,0.04395908,238.4758984,0.065964175,210.8389588,0.043828068,194.9437224,0.022939855
Austin-Round Rock,2017,3,214.9428745,0.043825233,240.6844248,0.058410374,210.5793861,0.045119637,196.1801896,0.026422946
Austin-Round Rock,2017,4,213.5340521,0.037961228,240.2081086,0.048164112,209.5552313,0.03502209,193.5968754,0.028193448
College Station-Bryan,2017,1,134.7375595,0.052626697,,,,,,
College Station-Bryan,2017,2,136.6450542,0.045008876,,,,,,
College Station-Bryan,2017,3,135.1803405,0.017180537,,,,,,
College Station-Bryan,2017,4,135.9391205,0.039343895,,,,,,
Dallas-Fort Worth-Arlington,2017,1,151.8689914,0.080391746,159.181059,0.108990377,153.4909826,0.084264956,142.1263203,0.052271066
Dallas-Fort Worth-Arlington,2017,2,155.8371854,0.072587563,164.5385585,0.10294297,157.9429206,0.075733798,145.62799,0.045391395
Dallas-Fort Worth-Arlington,2017,3,157.3076309,0.067224418,166.7449487,0.096033972,159.4729889,0.070546326,145.1265727,0.037081941
Dallas-Fort Worth-Arlington,2017,4,157.739889,0.064622405,168.3469732,0.093654523,159.2913546,0.061942409,144.831936,0.037137657
Dallas-Plano-Irving,2017,1,154.6153218,0.077184388,,,,,,
Dallas-Plano-Irving,2017,2,158.4240074,0.068286832,,,,,,
Dallas-Plano-Irving,2017,3,159.7546209,0.063898946,,,,,,
Dallas-Plano-Irving,2017,4,159.5105337,0.057645853,,,,,,
El Paso,2017,1,129.5332248,0.007523468,,,,,,
El Paso,2017,2,132.1587148,0.025246094,,,,,,
El Paso,2017,3,132.6093483,0.02569304,,,,,,
El Paso,2017,4,132.1347195,0.014019023,,,,,,
Fort Worth-Arlington,2017,1,147.0525406,0.086850947,,,,,,
Fort Worth-Arlington,2017,2,151.2230097,0.079539991,,,,,,
Fort Worth-Arlington,2017,3,153.0483953,0.074310717,,,,,,
Fort Worth-Arlington,2017,4,154.468129,0.07630599,,,,,,
Houston-The Woodlands-Sugar Land,2017,1,161.7996638,0.019874743,176.076176,0.040751228,158.7387979,0.022638164,151.709099,0.001202248
Houston-The Woodlands-Sugar Land,2017,2,164.4255985,0.023472786,179.59012,0.041414428,161.5175979,0.018058485,154.5723798,0.012539853
Houston-The Woodlands-Sugar Land,2017,3,164.2085204,0.018634008,180.2031122,0.035637627,161.63392,0.019876201,153.8686923,0.003572971
Houston-The Woodlands-Sugar Land,2017,4,164.0227096,0.019045711,180.9723273,0.036569226,160.4174311,0.012995845,152.2090405,0.008185868
Killeen-Temple,2017,1,118.4705725,0.033202871,,,,,,
Killeen-Temple,2017,2,119.8631945,0.035227608,,,,,,
Killeen-Temple,2017,3,120.919788,0.037347436,,,,,,
Killeen-Temple,2017,4,121.1939893,0.036544553,,,,,,
San Antonio-New Braunfels,2017,1,136.6610375,0.043227174,137.6202032,0.055240602,137.8610259,0.040575056,133.9422556,0.033578552
San Antonio-New Braunfels,2017,2,140.0010586,0.044811875,142.7226386,0.057990534,142.2069772,0.047034495,135.7472267,0.031620311
San Antonio-New Braunfels,2017,3,140.3812811,0.037226121,143.7208062,0.050129271,142.9494981,0.037683323,135.4722733,0.031439932
San Antonio-New Braunfels,2017,4,140.2986034,0.035991117,145.3415162,0.053965185,141.3297291,0.028655532,134.2873401,0.027100437
Sherman-Denison,2017,1,130.1978366,0.054951154,,,,,,
Sherman-Denison,2017,2,136.0315972,0.076854743,,,,,,
Sherman-Denison,2017,3,141.1711562,0.080271391,,,,,,
Sherman-Denison,2017,4,141.6768161,0.094491075,,,,,,
Amarillo,2018,1,131.1880088,0.021864725,,,,,,
Amarillo,2018,2,132.3018069,0.01973199,,,,,,
Amarillo,2018,3,132.598391,0.011744325,,,,,,
Amarillo,2018,4,131.4547599,-0.001331604,,,,,,
Austin-Round Rock,2018,1,216.8097035,0.036701672,244.7931644,0.052371767,211.2370574,0.025750553,197.9422078,0.038320327
Austin-Round Rock,2018,2,222.3397275,0.041377313,248.8608449,0.043547153,220.3575588,0.045146305,203.289859,0.042813056
Austin-Round Rock,2018,3,221.716997,0.03151592,250.0372683,0.038859363,218.4697756,0.037469904,201.5234929,0.027236712
Austin-Round Rock,2018,4,221.2626887,0.03619393,250.9927311,0.044896995,216.5362638,0.033313568,200.9162185,0.037807134
College Station-Bryan,2018,1,137.5339445,0.020754309,,,,,,
College Station-Bryan,2018,2,138.7763502,0.015597315,,,,,,
College Station-Bryan,2018,3,137.9702995,0.020638792,,,,,,
College Station-Bryan,2018,4,138.0845309,0.015782141,,,,,,
Dallas-Fort Worth-Arlington,2018,1,160.8327899,0.05902323,173.3064414,0.088737833,162.0164819,0.055543974,146.6852457,0.032076574
Dallas-Fort Worth-Arlington,2018,2,163.773819,0.050929009,177.9724617,0.081645927,165.4075616,0.047261637,148.9082002,0.022524586
Dallas-Fort Worth-Arlington,2018,3,163.7092236,0.040694737,178.3065671,0.069337142,165.0458698,0.03494561,148.3106725,0.021940156
Dallas-Fort Worth-Arlington,2018,4,163.3383289,0.035491592,178.6984292,0.061488815,163.5755973,0.026895638,147.256182,0.016738338
Dallas-Plano-Irving,2018,1,162.6787065,0.052151265,,,,,,
Dallas-Plano-Irving,2018,2,165.2289219,0.042953808,,,,,,
Dallas-Plano-Irving,2018,3,164.5789412,0.030198314,,,,,,
Dallas-Plano-Irving,2018,4,164.0113342,0.028216321,,,,,,
El Paso,2018,1,133.2963333,0.029051299,,,,,,
El Paso,2018,2,136.3321641,0.031579069,,,,,,
El Paso,2018,3,136.5231242,0.029513574,,,,,,
El Paso,2018,4,135.5532109,0.025871257,,,,,,
Fort Worth-Arlington,2018,1,157.5097698,0.071112196,,,,,,
Fort Worth-Arlington,2018,2,160.9697964,0.064453066,,,,,,
Fort Worth-Arlington,2018,3,161.7639061,0.05694611,,,,,,
Fort Worth-Arlington,2018,4,161.8479041,0.047775389,,,,,,
Houston-The Woodlands-Sugar Land,2018,1,165.2779707,0.021497615,183.2253595,0.040602787,162.4267398,0.023232769,151.4888134,-0.001452026
Houston-The Woodlands-Sugar Land,2018,2,168.857332,0.026952819,188.8614535,0.051624963,166.3825106,0.030120016,155.1862314,0.003971288
Houston-The Woodlands-Sugar Land,2018,3,169.7216874,0.033574183,189.9914415,0.054318314,166.9396792,0.032825777,155.6841369,0.01179866
Houston-The Woodlands-Sugar Land,2018,4,168.3767153,0.026545139,190.1141928,0.050515267,164.7443821,0.026973071,153.0489685,0.005518252
Killeen-Temple,2018,1,124.1765741,0.048163872,,,,,,
Killeen-Temple,2018,2,124.4396157,0.03818037,,,,,,
Killeen-Temple,2018,3,126.6138559,0.047089628,,,,,,
Killeen-Temple,2018,4,126.6105899,0.04469364,,,,,,
San Antonio-New Braunfels,2018,1,141.9418185,0.038641452,146.1355587,0.061875765,143.5943252,0.041587528,135.8965023,0.014590218
San Antonio-New Braunfels,2018,2,145.3667528,0.038326097,150.2234594,0.052555228,148.1883217,0.042060836,138.4638181,0.020012131
San Antonio-New Braunfels,2018,3,145.9289192,0.03951836,151.4565445,0.053824762,147.9881824,0.035248002,139.1436531,0.027100599
San Antonio-New Braunfels,2018,4,145.9620727,0.040367253,152.4394868,0.048836497,147.0623547,0.040562065,138.8527606,0.0339974
Sherman-Denison,2018,1,145.2350726,0.115495282,,,,,,
Sherman-Denison,2018,2,148.45382,0.091318657,,,,,,
Sherman-Denison,2018,3,151.7816515,0.075160503,,,,,,
Sherman-Denison,2018,4,148.7425135,0.049871937,,,,,,
Amarillo,2019,1,132.5860085,0.010656459,,,,,,
Amarillo,2019,2,136.1672657,0.029216976,,,,,,
Amarillo,2019,3,136.8614491,0.032150149,,,,,,
Amarillo,2019,4,136.078014,0.035169925,,,,,,
Austin-Round Rock,2019,1,225.1171408,0.038316722,254.4284426,0.039360895,218.5662769,0.034696655,204.9517495,0.035412061
Austin-Round Rock,2019,2,230.6910164,0.037560938,258.2665711,0.037795122,227.0831078,0.030521072,211.7285303,0.041510537
Austin-Round Rock,2019,3,231.8254812,0.045591832,259.9273381,0.039554382,227.1976353,0.039949963,212.2103093,0.053030126
Austin-Round Rock,2019,4,233.0666977,0.053348393,260.3768096,0.037387849,227.627572,0.051221481,213.9075152,0.064660269
College Station-Bryan,2019,1,140.1917087,0.019324423,,,,,,
College Station-Bryan,2019,2,141.6061879,0.020391354,,,,,,
College Station-Bryan,2019,3,140.9509504,0.021603569,,,,,,
College Station-Bryan,2019,4,141.7198554,0.026326804,,,,,,
Dallas-Fort Worth-Arlington,2019,1,165.2372989,0.02738564,181.7122241,0.048502425,165.5496029,0.02180717,147.9894426,0.008891125
Dallas-Fort Worth-Arlington,2019,2,168.0999526,0.026415294,186.6808296,0.048930985,168.5335331,0.0188986,150.8472577,0.013021831
Dallas-Fort Worth-Arlington,2019,3,168.5870751,0.029795825,187.0008887,0.048760523,169.0382458,0.024189493,150.6463555,0.015748583
Dallas-Fort Worth-Arlington,2019,4,167.9103792,0.027991288,186.6751069,0.044637648,168.1849457,0.028178703,149.8646427,0.017713759
Dallas-Plano-Irving,2019,1,165.7157472,0.01866895,,,,,,
Dallas-Plano-Irving,2019,2,168.3271873,0.01875135,,,,,,
Dallas-Plano-Irving,2019,3,168.5429601,0.02408582,,,,,,
Dallas-Plano-Irving,2019,4,167.411351,0.020730376,,,,,,
El Paso,2019,1,136.8522853,0.026677042,,,,,,
El Paso,2019,2,139.0884815,0.02021766,,,,,,
El Paso,2019,3,139.2776922,0.020176567,,,,,,
El Paso,2019,4,140.4224769,0.035921436,,,,,,
Fort Worth-Arlington,2019,1,163.9935966,0.0411646,,,,,,
Fort Worth-Arlington,2019,2,167.3455757,0.039608543,,,,,,
Fort Worth-Arlington,2019,3,168.3213682,0.040537238,,,,,,
Fort Worth-Arlington,2019,4,168.3547341,0.040203362,,,,,,
Houston-The Woodlands-Sugar Land,2019,1,169.6237378,0.026293686,192.838353,0.052465409,166.2379664,0.023464281,153.9614736,0.016322394
Houston-The Woodlands-Sugar Land,2019,2,172.7421996,0.023006804,197.1059975,0.043653926,169.0953617,0.016304905,157.141848,0.01260174
Houston-The Woodlands-Sugar Land,2019,3,173.2604422,0.020850339,198.3670715,0.044084248,170.2894768,0.020065916,156.5675993,0.00567471
Houston-The Woodlands-Sugar Land,2019,4,172.8594301,0.026623127,198.121503,0.042118423,169.1427899,0.026698378,155.8021982,0.017989207
Killeen-Temple,2019,1,127.2419409,0.024685547,,,,,,
Killeen-Temple,2019,2,130.6347647,0.049784379,,,,,,
Killeen-Temple,2019,3,131.7928068,0.040903508,,,,,,
Killeen-Temple,2019,4,132.8710922,0.049446909,,,,,,
San Antonio-New Braunfels,2019,1,148.092408,0.043331764,154.5684818,0.057706167,148.7940417,0.036211155,140.3032148,0.032426974
San Antonio-New Braunfels,2019,2,150.4996428,0.03530993,158.512027,0.055174921,152.3502601,0.028085468,141.3321202,0.020715174
San Antonio-New Braunfels,2019,3,151.3082244,0.036862502,159.666403,0.054206033,153.2001528,0.035218828,142.7453913,0.025885034
San Antonio-New Braunfels,2019,4,151.3449253,0.036878433,159.9761342,0.049440256,152.604648,0.037686689,142.13105,0.023609825
Sherman-Denison,2019,1,149.543587,0.029665798,,,,,,
Sherman-Denison,2019,2,154.7331252,0.042298037,,,,,,
Sherman-Denison,2019,3,156.9083148,0.033776568,,,,,,
Sherman-Denison,2019,4,158.3850573,0.064827087,,,,,,
Amarillo,2020,1,137.8927607,0.040024979,,,,,,
Amarillo,2020,2,139.9271099,0.027611953,,,,,,
Amarillo,2020,3,143.51157,0.048590168,,,,,,
Amarillo,2020,4,145.5215648,0.069398064,,,,,,
Austin-Round Rock,2020,1,239.4962677,0.063873976,266.6556694,0.048057625,235.6079444,0.077970251,218.7172329,0.067164508
Austin-Round Rock,2020,2,244.4254788,0.059536182,273.7355208,0.059895284,240.3463374,0.05840694,223.440682,0.055316832
Austin-Round Rock,2020,3,252.4178526,0.08882704,282.6096831,0.087264176,247.7858647,0.09061815,231.8219355,0.092415992
Austin-Round Rock,2020,4,263.7851798,0.13180125,294.5668643,0.131309907,259.2878992,0.139088278,242.2577143,0.132534843
College Station-Bryan,2020,1,143.1777938,0.021300012,,,,,,
College Station-Bryan,2020,2,144.0211424,0.017054018,,,,,,
College Station-Bryan,2020,3,145.6302973,0.033198405,,,,,,
College Station-Bryan,2020,4,146.3935915,0.032978696,,,,,,
Dallas-Fort Worth-Arlington,2020,1,170.4122697,0.031318417,190.6086451,0.048958847,169.9623707,0.02665526,151.6363879,0.02464328
Dallas-Fort Worth-Arlington,2020,2,173.7935059,0.033870047,195.2791885,0.046059142,173.2914829,0.028231472,154.6410431,0.025149846
Dallas-Fort Worth-Arlington,2020,3,176.7394619,0.048357128,199.1909503,0.065187185,176.6606989,0.045093067,158.2430556,0.050427373
Dallas-Fort Worth-Arlington,2020,4,181.6753521,0.081978094,204.7719756,0.096943127,181.796504,0.080932085,161.8397363,0.079906063
Dallas-Plano-Irving,2020,1,170.1915308,0.0270088,,,,,,
Dallas-Plano-Irving,2020,2,173.0883188,0.028284982,,,,,,
Dallas-Plano-Irving,2020,3,176.1720235,0.0452648,,,,,,
Dallas-Plano-Irving,2020,4,181.2846872,0.082869746,,,,,,
El Paso,2020,1,141.1018663,0.03105232,,,,,,
El Paso,2020,2,144.9587439,0.042205237,,,,,,
El Paso,2020,3,149.6437986,0.074427614,,,,,,
El Paso,2020,4,154.1246737,0.097578372,,,,,,
Fort Worth-Arlington,2020,1,170.5966144,0.040263876,,,,,,
Fort Worth-Arlington,2020,2,174.6552794,0.043680292,,,,,,
Fort Worth-Arlington,2020,3,177.5992488,0.055120039,,,,,,
Fort Worth-Arlington,2020,4,182.1346138,0.081850266,,,,,,
Houston-The Woodlands-Sugar Land,2020,1,174.9573742,0.031443926,201.5323148,0.045084194,170.7314983,0.027030719,156.7516716,0.018122702
Houston-The Woodlands-Sugar Land,2020,2,177.4149003,0.02705014,205.5804224,0.042994251,173.8672421,0.028220054,157.7371063,0.003788032
Houston-The Woodlands-Sugar Land,2020,3,179.9850203,0.038811964,208.885669,0.053025925,176.9655048,0.039203995,161.6474052,0.032444809
Houston-The Woodlands-Sugar Land,2020,4,183.8392251,0.063518634,213.8365225,0.07932011,181.2013574,0.071292234,164.2010973,0.053907449
Killeen-Temple,2020,1,135.0468169,0.061338863,,,,,,
Killeen-Temple,2020,2,138.5048426,0.060244895,,,,,,
Killeen-Temple,2020,3,141.7267339,0.075375335,,,,,,
Killeen-Temple,2020,4,146.2420464,0.100631024,,,,,,
San Antonio-New Braunfels,2020,1,153.1430187,0.034104454,163.4354429,0.057365906,153.8985983,0.034306189,143.0906253,0.019867046
San Antonio-New Braunfels,2020,2,156.2905227,0.038477698,166.6214382,0.051159596,158.0148504,0.037181363,145.8456112,0.031935352
San Antonio-New Braunfels,2020,3,159.12585,0.051666891,170.26864,0.066402428,162.0739389,0.057922828,148.6023944,0.041031118
San Antonio-New Braunfels,2020,4,163.3550041,0.079355675,174.2897968,0.089473737,164.5762846,0.078448702,153.1826974,0.077756742
Sherman-Denison,2020,1,163.2227349,0.091472648,,,,,,
Sherman-Denison,2020,2,164.770776,0.06487073,,,,,,
Sherman-Denison,2020,3,167.8623475,0.069811677,,,,,,
Sherman-Denison,2020,4,169.6992782,0.0714349,,,,,,
Amarillo,2021,1,148.7625442,0.078827803,,,,,,
Amarillo,2021,2,157.8122398,0.127817475,,,,,,
Amarillo,2021,3,162.6430041,0.13330935,,,,,,
Amarillo,2021,4,165.2904699,0.135848629,,,,,,
Austin-Round Rock,2021,1,298.2418991,0.245288296,330.0576176,0.237767111,296.2451304,0.257364776,273.9963045,0.252742185
Austin-Round Rock,2021,2,340.0994429,0.391423858,380.2687117,0.389182925,337.3609774,0.403645177,309.8347485,0.386653252
Austin-Round Rock,2021,3,349.3236885,0.383910388,397.162378,0.405338888,345.7552575,0.395379264,314.328528,0.355905028
Austin-Round Rock,2021,4,355.852623,0.34902432,403.9674187,0.371394639,348.6624738,0.344692424,323.1645393,0.333970066
College Station-Bryan,2021,1,150.281,0.049611088,,,,,,
College Station-Bryan,2021,2,158.9017072,0.103322085,,,,,,
College Station-Bryan,2021,3,166.9665766,0.146509893,,,,,,
College Station-Bryan,2021,4,169.2635301,0.156222265,,,,,,
Dallas-Fort Worth-Arlington,2021,1,190.2662047,0.116505314,213.6877985,0.121081356,191.0004599,0.123780864,170.1251163,0.121928045
Dallas-Fort Worth-Arlington,2021,2,204.7256786,0.177982327,228.9558512,0.172453925,205.9742538,0.188599983,185.3700143,0.198711613
Dallas-Fort Worth-Arlington,2021,3,215.4421232,0.218981436,240.6720631,0.208247978,217.6166995,0.231834249,193.8626723,0.225094343
Dallas-Fort Worth-Arlington,2021,4,223.2022873,0.228577705,249.0343803,0.216154601,224.4431755,0.234584662,200.1454821,0.236689374
Dallas-Plano-Irving,2021,1,190.1050814,0.117006706,,,,,,
Dallas-Plano-Irving,2021,2,205.6411734,0.188070776,,,,,,
Dallas-Plano-Irving,2021,3,216.5160217,0.229003433,,,,,,
Dallas-Plano-Irving,2021,4,224.2436008,0.236969345,,,,,,
El Paso,2021,1,157.6387594,0.117198258,,,,,,
El Paso,2021,2,163.8744553,0.130490309,,,,,,
El Paso,2021,3,171.0232477,0.142868928,,,,,,
El Paso,2021,4,175.7855711,0.1405414,,,,,,
Fort Worth-Arlington,2021,1,190.3370717,0.115714238,,,,,,
Fort Worth-Arlington,2021,2,203.3793681,0.164461611,,,,,,
Fort Worth-Arlington,2021,3,213.699168,0.20326617,,,,,,
Fort Worth-Arlington,2021,4,221.2773507,0.214911026,,,,,,
Houston-The Woodlands-Sugar Land,2021,1,189.1879298,0.081337272,220.6489998,0.094856673,186.8417857,0.09436037,169.0373719,0.078376837
Houston-The Woodlands-Sugar Land,2021,2,199.0867232,0.122153341,234.0659208,0.138561337,198.1695854,0.139775284,178.5313139,0.131828255
Houston-The Woodlands-Sugar Land,2021,3,208.0981909,0.156197279,243.457536,0.165506169,207.5859091,0.173030356,184.8803391,0.143725993
Houston-The Woodlands-Sugar Land,2021,4,212.8181885,0.157632101,252.3417962,0.180068742,212.9126262,0.17500569,186.7044671,0.137047621
Killeen-Temple,2021,1,152.5406072,0.129538709,,,,,,
Killeen-Temple,2021,2,162.9601791,0.176566653,,,,,,
Killeen-Temple,2021,3,174.0191351,0.227849752,,,,,,
Killeen-Temple,2021,4,180.0224322,0.230989559,,,,,,
San Antonio-New Braunfels,2021,1,168.8622752,0.10264429,179.6476948,0.099196671,170.5818084,0.108403912,157.9964144,0.10417027
San Antonio-New Braunfels,2021,2,180.2243324,0.153136666,190.6707666,0.144335138,183.3425318,0.160286715,169.4092296,0.161565495
San Antonio-New Braunfels,2021,3,188.5967268,0.185204834,199.9797662,0.174495586,191.5834122,0.182074141,177.5357849,0.194703393
San Antonio-New Braunfels,2021,4,193.3742531,0.183766938,204.510711,0.173394626,196.5410226,0.194224447,181.7898508,0.186751858
Sherman-Denison,2021,1,178.2494009,0.092062334,,,,,,
Sherman-Denison,2021,2,189.5640336,0.150471207,,,,,,
Sherman-Denison,2021,3,200.9990609,0.197404087,,,,,,
Sherman-Denison,2021,4,210.6452957,0.241285749,,,,,,
Amarillo,2022,1,170.5152194,0.14622414,,,,,,
Amarillo,2022,2,176.8567503,0.120678285,,,,,,
Amarillo,2022,3,177.0486148,0.088571966,,,,,,
Amarillo,2022,4,177.2495982,0.072352194,,,,,,
Austin-Round Rock,2022,1,382.5911848,0.282821716,435.0026042,0.317959595,374.1715448,0.263047072,346.4030375,0.264261713
Austin-Round Rock,2022,2,404.483416,0.189309257,466.0453186,0.225568405,398.7872323,0.182078719,359.1755847,0.159248878
Austin-Round Rock,2022,3,374.9281286,0.073297176,427.3063316,0.07589831,367.4151548,0.062645171,339.3795881,0.079697061
Austin-Round Rock,2022,4,352.539708,-0.009309795,397.2977711,-0.01651036,343.5798399,-0.014577519,323.0676641,-0.00029977
College Station-Bryan,2022,1,177.3802348,0.180323758,,,,,,
College Station-Bryan,2022,2,187.8274624,0.182035522,,,,,,
College Station-Bryan,2022,3,186.3225177,0.11592704,,,,,,
College Station-Bryan,2022,4,187.5955391,0.108304541,,,,,,
Dallas-Fort Worth-Arlington,2022,1,238.6008274,0.254036825,263.953406,0.235229189,239.6571449,0.254746428,215.8864293,0.268986226
Dallas-Fort Worth-Arlington,2022,2,254.1003706,0.241174885,281.2763195,0.228517716,256.9618651,0.247543614,229.9564112,0.240526479
Dallas-Fort Worth-Arlington,2022,3,245.9646537,0.141673921,273.6284756,0.136934931,248.3780767,0.141355774,222.0991339,0.145651874
Dallas-Fort Worth-Arlington,2022,4,238.7496341,0.069655857,266.9640478,0.071996755,239.3429138,0.066385348,214.9022538,0.073730226
Dallas-Plano-Irving,2022,1,240.6651879,0.265958732,,,,,,
Dallas-Plano-Irving,2022,2,256.1267991,0.24550349,,,,,,
Dallas-Plano-Irving,2022,3,247.4920024,0.143065535,,,,,,
Dallas-Plano-Irving,2022,4,239.7704794,0.069241122,,,,,,
El Paso,2022,1,181.8044341,0.153297798,,,,,,
El Paso,2022,2,192.2067891,0.172890483,,,,,,
El Paso,2022,3,193.7698262,0.133002844,,,,,,
El Paso,2022,4,194.5914085,0.106981689,,,,,,
Fort Worth-Arlington,2022,1,234.624644,0.232679697,,,,,,
Fort Worth-Arlington,2022,2,250.1947713,0.230187573,,,,,,
Fort Worth-Arlington,2022,3,243.2942585,0.138489498,,,,,,
Fort Worth-Arlington,2022,4,236.8425862,0.070342651,,,,,,
Houston-The Woodlands-Sugar Land,2022,1,221.7503537,0.172116815,261.2553302,0.184031336,223.0985131,0.194050422,194.4385968,0.150269876
Houston-The Woodlands-Sugar Land,2022,2,232.1845103,0.166248088,273.3202887,0.167706464,235.6721907,0.18924501,205.6205466,0.151733789
Houston-The Woodlands-Sugar Land,2022,3,232.8810338,0.119092063,272.778384,0.120435162,234.0803261,0.127631095,205.7997522,0.113151096
Houston-The Woodlands-Sugar Land,2022,4,229.2202348,0.077070697,267.0424227,0.058256803,229.5100922,0.077954353,202.4400932,0.08428093
Killeen-Temple,2022,1,187.5758293,0.229678003,,,,,,
Killeen-Temple,2022,2,199.0632685,0.221545469,,,,,,
Killeen-Temple,2022,3,199.0729154,0.14397141,,,,,,
Killeen-Temple,2022,4,196.82487,0.093335244,,,,,,
San Antonio-New Braunfels,2022,1,203.0493255,0.202455226,213.2384356,0.186981195,207.2587945,0.215011122,190.7819685,0.207508215
San Antonio-New Braunfels,2022,2,212.906609,0.181342198,223.370018,0.171495882,219.1871532,0.195506307,200.1102132,0.181223795
San Antonio-New Braunfels,2022,3,210.9871148,0.118720978,221.9054678,0.1096396,215.4790156,0.124726891,198.2486155,0.116668482
San Antonio-New Braunfels,2022,4,207.9910306,0.075588023,222.2783796,0.086878914,210.2777546,0.069892441,194.1257182,0.067857844
Sherman-Denison,2022,1,225.5362556,0.265284789,,,,,,
Sherman-Denison,2022,2,235.4311986,0.241961326,,,,,,
Sherman-Denison,2022,3,231.247857,0.150492225,,,,,,
Sherman-Denison,2022,4,230.530653,0.094402095,,,,,,
Amarillo,2023,1,179.6611656,0.053637125,,,,,,
Amarillo,2023,2,178.526969,0.009443907,,,,,,
Amarillo,2023,3,179.0169384,0.011117418,,,,,,
Austin-Round Rock,2023,1,350.3503544,-0.084269663,395.6208667,-0.090532187,343.7263018,-0.081367072,317.2191533,-0.084248349
Austin-Round Rock,2023,2,356.4976631,-0.11863466,401.6761279,-0.138117878,346.1886491,-0.131896357,327.6721268,-0.087710466
Austin-Round Rock,2023,3,351.7130247,-0.061918811,400.1134943,-0.063637805,339.6925292,-0.075453135,322.0655173,-0.05101683
College Station-Bryan,2023,1,187.0463491,0.05449375,,,,,,
College Station-Bryan,2023,2,193.398029,0.029657891,,,,,,
College Station-Bryan,2023,3,195.5454818,0.049499997,,,,,,
Dallas-Fort Worth-Arlington,2023,1,239.9522661,0.005664014,267.7652945,0.01444152,239.3682106,-0.001205614,216.1135046,0.001051827
Dallas-Fort Worth-Arlington,2023,2,248.470292,-0.022156908,278.0439333,-0.011491853,246.1889872,-0.041924033,225.1485544,-0.020907687
Dallas-Fort Worth-Arlington,2023,3,248.6565498,0.010944239,277.9436669,0.015770256,247.5910009,-0.003168861,225.024394,0.013170966
Dallas-Plano-Irving,2023,1,241.791222,0.00467884,,,,,,
Dallas-Plano-Irving,2023,2,250.4985784,-0.021974353,,,,,,
Dallas-Plano-Irving,2023,3,251.4614312,0.016038614,,,,,,
El Paso,2023,1,196.5864271,0.081307109,,,,,,
El Paso,2023,2,202.5093759,0.053601576,,,,,,
El Paso,2023,3,203.2703026,0.049029699,,,,,,
Fort Worth-Arlington,2023,1,236.5508551,0.008209756,,,,,,
Fort Worth-Arlington,2023,2,244.7587693,-0.02172708,,,,,,
Fort Worth-Arlington,2023,3,243.8667616,0.00235313,,,,,,
Houston-The Woodlands-Sugar Land,2023,1,230.2347266,0.038260921,268.2467603,0.026760908,229.2833055,0.027722248,202.8289906,0.043151894
Houston-The Woodlands-Sugar Land,2023,2,236.264436,0.017571911,277.6061256,0.015680639,236.2142314,0.002299977,209.2042436,0.017428691
Houston-The Woodlands-Sugar Land,2023,3,238.6220116,0.024651976,278.7570879,0.021917806,237.2973019,0.013743042,211.8867099,0.029577089
Killeen-Temple,2023,1,194.5796153,0.037338424,,,,,,
Killeen-Temple,2023,2,198.2031705,-0.004320726,,,,,,
Killeen-Temple,2023,3,199.6874504,0.003086984,,,,,,
San Antonio-New Braunfels,2023,1,206.3173848,0.016094903,219.1656065,0.027795977,206.016605,-0.005993422,194.9801631,0.022005196
San Antonio-New Braunfels,2023,2,212.16507,-0.00348293,228.098205,0.021167509,212.2402797,-0.031693798,198.7573104,-0.006760788
San Antonio-New Braunfels,2023,3,210.8348906,-0.000721485,225.027037,0.014067112,211.7693444,-0.017215928,198.3140287,0.000329955
Sherman-Denison,2023,1,233.5642638,0.0355952,,,,,,
Sherman-Denison,2023,2,235.7978168,0.00155722,,,,,,
Sherman-Denison,2023,3,241.9541641,0.046297973,,,,,,
